title,summary,url,publisher,image
Authors call on publishers to limit their use of AI,"An open letter from authors including Lauren Groff, Lev Grossman, R.F. Kuang, Dennis Lehane, and Geoffrey Maguire calls on book publishers to pledge to limit their use of AI tools, for example by committing to only hire human audiobook narrators.",https://techcrunch.com/2025/06/28/authors-call-on-publishers-to-limit-their-use-of-ai/,TechCrunch,
Meta reportedly hires four more researchers from OpenAI,Looks like Meta isn’t done poaching talent from OpenAI.,https://techcrunch.com/2025/06/28/meta-reportedly-hires-four-more-researchers-from-openai/,TechCrunch,
Week in Review:  Meta’s AI recruiting blitz,"Welcome back to Week in Review! Lots of news for you this week, including Travis Kalanick's possible return, CoreWeave's CEO is now worth $10 billion, Apple users aren't happy with how the company is promoting its new F1 movie, and much more.",https://techcrunch.com/2025/06/28/week-in-review-metas-ai-recruiting-blitz/,TechCrunch,
Vitalik Buterin has reservations about Sam Altman’s World project,Ethereum co-founder Vitalik Buterin is arguing that the digital identification approach being promoted by Sam Altman’s World project has real privacy risks.,https://techcrunch.com/2025/06/28/vitalik-buterin-has-reservations-about-sam-altmans-world-project/,TechCrunch,
Anthropic’s Claude AI became a terrible business owner in experiment that got ‘weird’,Researchers at Anthropic and AI safety company Andon Labs gave an instance of Claude Sonnet 3.7 an office vending machine to run. And hilarity ensued.,https://techcrunch.com/2025/06/28/anthropics-claude-ai-became-a-terrible-business-owner-in-experiment-that-got-weird/,TechCrunch,
The unbearable obviousness of AI fitness summaries,"After nearly a decade of wearables testing, I've amassed a truly terrifying amount of health and fitness data. And while I enjoy poring over my daily data, there's one part I've come to loathe: AI summaries. Over the last two years, a deluge of AI-generated summaries has been sprinkled into every fi",https://www.theverge.com/fitness-trackers/694140/ai-summaries-fitness-apps-strava-oura-whoop-wearables,The Verge,
Pipistrello and the Cursed Yoyo would feel right at home on your GBA,"When I was a kid, there was a moment when it felt like everyone was obsessed with yo-yos. I never got better than just being able to make the yo-yo go up and down. But with Pipistrello and the Cursed Yoyo, I could pretend like I was halfway decent - all while playing a silly [&#8230;]",https://www.theverge.com/games-review/692172/pipistrello-and-the-cursed-yoyo-review,The Verge,
‘We are the media now’: why Tesla’s robotaxis were dominated by Elon Musk superfans,"Over the years, Tesla has built part of its reputation on hosting big, bold events to generate authentic hype for upcoming releases. The robotaxi launch in Austin, Texas, last week wasn't one of them. Coverage of the rollout was dominated by a close-knit cohort of Tesla influencers and Elon Musk sup",https://www.theverge.com/tesla/694333/tesla-robotaxi-media-influencers-musk-fans,The Verge,
Apple’s racing movie is finally here,"Hi, friends! Welcome to Installer No. 88, your guide to the best and Verge-iest stuff in the world. (If you're new here, welcome, happy heat dome, and also you can read all the old editions at the Installer homepage.) This week, I've been reading about crypto crimes and egg thieves and Gap, watching",https://www.theverge.com/installer-newsletter/694482/f1-movie-apple-fairphone-death-stranding-installer,The Verge,
Tesla says it delivered its first car autonomously from factory to customer,"This might be a bigger deal than the robotaxis. Tesla said it completed its first fully autonomous vehicle delivery from factory to customer. A video posted on X shows the vehicle — a Tesla Model Y — leaving the company’s Austin Gigafactory, driving on the highway, passing through suburban sprawl an",https://www.theverge.com/news/694801/tesla-autonomous-delivery-factory-customer-robotaxi,The Verge,
Plantaform Smart Indoor Garden Review: Rewarding but Risky,"We tested this unique indoor gardening solution that utilizes NASA technology, but air quality data raised concerns.",https://www.wired.com/review/plantaform-smart-indoor-garden/,Wired,
"13 Best MagSafe Power Banks for iPhones (2025), Tested and Reviewed",Keep your iPhone topped up with one of these WIRED-tested MagSafe portable chargers.,https://www.wired.com/gallery/best-magsafe-power-banks/,Wired,
"10 Best Dash Kitchen Appliances (2025), Tested and Reviewed","From a mini waffle maker to a rapid egg cooker, these tiny kitchen appliances are easy on the wallet and don’t hog space.",https://www.wired.com/gallery/best-dash-kitchen-appliances/,Wired,
Student Solves a Long-Standing Problem About the Limits of Addition,A new proof illuminates the hidden patterns that emerge when addition becomes impossible.,https://www.wired.com/story/graduate-student-solves-classic-problem-about-the-limits-of-addition/,Wired,
Fairphone Has a New Plan to Get You to Care,"WIRED loves Fairphone and everything it stands for—but people just aren’t buying its devices, and the few who have don’t need to upgrade.",https://www.wired.com/story/fairphone-proves-you-really-dont-give-a-damn/,Wired,
"NYT Connections Sports Edition today: Hints and answers for June 29, 2025",Connections: Sports Edition is a New York Times word game about finding common sports threads between words. How to solve the puzzle.,https://mashable.com/article/nyt-connections-sports-edition-hint-answer-today-june-29-2025,Mashable,
"NYT Mini crossword answers, hints for June 29, 2025","Answers to each clue for the June 29, 2025 edition of NYT's The Mini crossword puzzle.",https://mashable.com/article/nyt-mini-crossword-answers-hints-june-29-2025,Mashable,
Whats new with Claude 4? And why its becoming my favorite AI tool,"I use most of the leading AI models, but Anthropic's latest, Claude 4, is becoming my go-to.",https://mashable.com/article/why-i-like-anthropic-claude-4,Mashable,
7 AI tools employers want you to know,Are you using AI tools at work and adding relevant skills to your CV or resume? Your coworkers are.,https://mashable.com/article/ai-tools-employees-should-know,Mashable,
The biggest AI announcements (and high drama) of 2025 so far,The AI industry is moving at lightning speed in 2025. We've rounded up the biggest AI announcements so far.,https://mashable.com/article/biggest-ai-announcements-2025,Mashable,
9 Things to Do During a Blackout to Keep Your Family Cool and Safe,Be prepared for summer blackouts before they happen.,https://www.cnet.com/health/summer-blackout-to-do-list-things-keep-everyone-cool-safe/#ftag=CADf328eec,CNET,https://www.cnet.com/a/img/resize/db8cfcb3a62e9a0869b43ffa2b98c6575cec4b20/hub/2024/07/12/6b73feb6-2d73-46bf-9758-b29d99906b98/overheated-woman-with-hand-fan-on-couch.jpg?auto=webp&fit=crop&height=614&width=1092
How to Watch PSG vs. Inter Miami From Anywhere for Free: Stream FIFA Club World Cup Soccer,Lionel Messi and co look to cause an upset against his former club.,https://www.cnet.com/tech/services-and-software/how-to-watch-psg-vs-inter-miami-from-anywhere-for-free-stream-fifa-club-world-cup-soccer/#ftag=CADf328eec,CNET,https://www.cnet.com/a/img/resize/abc4ff89554cdd68cc8c8b47c262545b2792bb37/hub/2025/06/29/1cb22b57-f395-43ac-a81a-d3763d7815f1/gettyimages-2221154393.jpg?auto=webp&fit=crop&height=614&width=1092
Want an Early Look at iOS 26? Here's How to Get the Developer Beta,You can install the iOS 26 developer beta now to test new features before everyone else.,https://www.cnet.com/tech/services-and-software/want-an-early-look-at-ios-26-heres-how-to-get-the-developer-beta/#ftag=CADf328eec,CNET,https://www.cnet.com/a/img/resize/522e1b0368801439a47556fb306786a17e81dfbb/hub/2025/06/09/c987d071-c2bc-4c8d-9825-83b939cad6ea/ios-26.jpg?auto=webp&fit=crop&height=614&width=1092
"If You're Using ChatGPT for Any of These 11 Things, Stop Immediately","Commentary: Before you enter your next prompt, here's when you'd be better off not using your trusty AI chatbot.",https://www.cnet.com/tech/services-and-software/if-youre-using-chatgpt-for-any-of-these-11-things-stop-immediately/#ftag=CADf328eec,CNET,https://www.cnet.com/a/img/resize/ba001c40473c4bae7734e026ceefd7e1ba61494d/hub/2024/04/16/660f9254-c869-4a08-9ba6-93c16106b001/ai-atlas-tag.png?auto=webp&fit=crop&height=614&width=1092
Best VPN for Mac for 2025: Tested and Reviewed,"The best Mac VPNs let you keep your web browsing activity private, access streaming content like BBC iPlayer or foreign Netflix libraries and unblock region-restricted content while traveling abroad.",https://www.cnet.com/tech/services-and-software/best-vpn-for-mac/#ftag=CADf328eec,CNET,https://www.cnet.com/a/img/resize/3c47348800eab8be857b3088f1cfb84de1adb500/hub/2024/05/05/cf692422-b9a6-4ec7-8026-de0cb8092d79/vpn-for-mac.jpg?auto=webp&fit=crop&height=614&width=1092
One of our favorite Ninja air fryers is $50 off for Prime Day,"For many, summer means it's time to grill outdoors. But cooking inside does at least mean you’re likely to deal with fewer bugs. It also makes it easier to try out new kitchen equipment, such as a Ninja air fryer that’s on sale ahead of Prime Day. The Ninja Foodi Dual-Zone 10-quart air fryer is $50 ",https://www.engadget.com/deals/one-of-our-favorite-ninja-air-fryers-is-50-off-for-prime-day-131214407.html?src=rss,Engadget,https://o.aolcdn.com/images/dims?image_uri=https%3A%2F%2Fs.yimg.com%2Fos%2Fcreatr-uploaded-images%2F2025-06%2F458b4e70-503d-11f0-93cd-d8702c922b6f&resize=1400%2C834&client=19f2b5e49a271b2bde77&signature=484a5397dc046a887db648b8ece420b7e8ec9fdb
Runway now has its sights on the video game industry with its new generative AI platform,"The AI startup Runway, which recently partnered with AMC Networks, is now trying to break into the gaming industry. The company has plans to launch its latest platform, called Game Worlds, next week, according to The Verge. The new tool lets Runway users create something akin to an interactive text-",https://www.engadget.com/ai/runway-now-has-its-sights-on-the-video-game-industry-with-its-new-generative-ai-platform-192350294.html?src=rss,Engadget,https://o.aolcdn.com/images/dims?image_uri=https%3A%2F%2Fs.yimg.com%2Fos%2Fcreatr-uploaded-images%2F2025-06%2F74ddbff0-544d-11f0-9ef7-241f3a62f694&resize=1400%2C840&client=19f2b5e49a271b2bde77&signature=56e184c097e37939a48665c29ae4a9af312e7dfa
Tesla shows off its first fully autonomous delivery to convince us its self-driving cars work well,"Tesla's robotaxi service may have had some early hitches, but the company said it just successfully delivered a car autonomously. Using the same robotaxi technology, Tesla showed the delivery process of a Model Y from its Gigafactory Texas in Austin to a customer with a roughly 30-minute journey as ",https://www.engadget.com/transportation/tesla-shows-off-its-first-fully-autonomous-delivery-to-convince-us-its-self-driving-cars-work-163805707.html?src=rss,Engadget,https://o.aolcdn.com/images/dims?image_uri=https%3A%2F%2Fs.yimg.com%2Fos%2Fcreatr-uploaded-images%2F2025-06%2Fde74ecd0-5435-11f0-bfcd-4788ddf40e7a&resize=1400%2C933&client=19f2b5e49a271b2bde77&signature=970474fc0ed397f5d8fd292dee7f373c0aed0215
Anker issues another recall for multiple power banks that pose fire safety risk,"Anker has issued its second recall this month for several power bank models sold around the world, as MacRumors has reported. If you'll recall, its previous recall that launched earlier this month focused on the Anker PowerCore 10000 power bank model A1263, which were sold between June 1, 2016 and D",https://www.engadget.com/mobile/anker-issues-another-recall-for-multiple-power-banks-that-pose-fire-safety-risk-160015082.html?src=rss,Engadget,https://o.aolcdn.com/images/dims?image_uri=https%3A%2F%2Fs.yimg.com%2Fos%2Fcreatr-uploaded-images%2F2025-06%2Fe5269b30-541e-11f0-bffa-d131c5d3181a&resize=1400%2C871&client=19f2b5e49a271b2bde77&signature=7784ec4ff9f964869e47209f329f80eaa5ed9edb
"Amazon Prime Day 2025: The best early deals available right now, dates and everything else you need to know","Now that we know Amazon Prime Day will be coming up soon on July 8-11, it’s time to start thinking about what you may want to snag at a discount during the sale. If you pay the $139 annual fee for Prime, sale events like these are a great time to stock up on essentials and cross things off your wish",https://www.engadget.com/deals/amazon-prime-day-2025-the-best-early-deals-available-right-now-dates-and-everything-else-you-need-to-know-120028879.html?src=rss,Engadget,https://o.aolcdn.com/images/dims?image_uri=https%3A%2F%2Fs.yimg.com%2Fos%2Fcreatr-uploaded-images%2F2025-06%2F70db59a0-4acd-11f0-bd1b-a6a20e1c0e4f&resize=1400%2C787&client=19f2b5e49a271b2bde77&signature=e76d2c7a9269e2ef4335c701c4bb3a217e857a5a
Jon Watts Left ‘Fantastic Four’ to Get His Groove Back,"In another timeline, Watts would've brought the Fantastic Four back after just tying off Spider-Man's first saga.",https://gizmodo.com/jon-watts-left-fantastic-four-to-get-his-groove-back-2000621804,Gizmodo,https://gizmodo.com/app/uploads/2025/06/fantastic-four-newhed.jpg
"The 2025 MacBook Air Now Costs as Much as a Budget Laptop, Amazon Clears Out Stock Before Prime Day",All four colors are now the top best-sellers in Amazon’s laptop category.,https://gizmodo.com/the-2025-macbook-air-now-costs-as-much-as-a-budget-laptop-amazon-clears-out-stock-before-prime-day-2000621858,Gizmodo,https://gizmodo.com/app/uploads/2025/05/macbook-air-2025-midnight.jpg
Scientists Launch Wild New Project to Build a Human Genome From Scratch,The medical charity behind the controversial new plan says the benefits outweigh the risks.,https://gizmodo.com/scientists-launch-wild-new-project-to-build-a-human-genome-from-scratch-2000620762,Gizmodo,https://gizmodo.com/app/uploads/2021/02/fenmrzanveycrumkbawt.jpg
"This HP Laptop with Windows 11 and Office 365 Is Only $179, Lowest Price Ever for an HP Laptop","At this price, it’s a no-brainer.",https://gizmodo.com/this-hp-laptop-with-windows-11-and-office-365-is-only-179-lowest-price-ever-for-an-hp-laptop-2000621850,Gizmodo,https://gizmodo.com/app/uploads/2025/05/hp-14-laptop-celeron.jpg
Crypto Bros Are Winning Big in Trump’s America,"The industry that brought you Bitcoin casinos and NFT grifts is now riding high on regulation, respectability, and record profits thanks to the White House.",https://gizmodo.com/crypto-bros-are-winning-big-in-trumps-america-2000621885,Gizmodo,https://gizmodo.com/app/uploads/2024/09/An-image-of-Bitcoin-cryptocurrency.jpg
"Switzerland leads the world in deep tech investment, report finds","Switzerland pours more of its venture capital into deep tech than any other country, according to new data. The Swiss Deep Tech Report 2025 found that 60% of all Swiss venture funding between 2019 and 2025 went to deep tech — far surpassing any other nation. The capital represents a big bet on cutti",https://thenextweb.com/news/switzerland-leads-the-world-in-deep-tech-investment-report-finds,The Next Web (TNW),https://img-cdn.tnwcdn.com/image?fit=796%2C417&amp;url=https%3A%2F%2Fcdn0.tnwcdn.com%2Fwp-content%2Fblogs.dir%2F1%2Ffiles%2F2025%2F06%2Fswitzerlandeep-tech-report.jpg&amp;signature=592d95ba8e553e0787b5b7f5e12215e7
Britain’s first ‘space factory’ blasts into orbit on test mission,A British-built manufacturing satellite successfully launched into orbit on its first test mission. Cardiff-based startup Space Forge launched the probe — called ForgeStar-1 — aboard SpaceX’s Transporter-14 rideshare mission from Vandenberg Space Force Base in California on Tuesday. The launch marks,https://thenextweb.com/news/space-forge-uk-space-factory-launch,The Next Web (TNW),https://img-cdn.tnwcdn.com/image?fit=796%2C417&amp;url=https%3A%2F%2Fcdn0.tnwcdn.com%2Fwp-content%2Fblogs.dir%2F1%2Ffiles%2F2025%2F06%2FUntitled-design-4-1.jpg&amp;signature=b924eed3ceb020722903b64159c62603
Helsinki turns to AI to spot e-scooter crashes before they happen,"Helsinki has launched a pilot project to test e-scooters equipped with AI-powered sensors that monitor rider behaviour and flag safety risks in real time.  Backed by the European Union, the trial involves 40 shared e-scooters from Tier-Dott, one of Europe’s largest operators.  Each vehicle is fitted",https://thenextweb.com/news/helsinki-turns-to-ai-to-spot-e-scooter-crashes-before-they-happen,The Next Web (TNW),https://img-cdn.tnwcdn.com/image?fit=796%2C417&amp;url=https%3A%2F%2Fcdn0.tnwcdn.com%2Fwp-content%2Fblogs.dir%2F1%2Ffiles%2F2025%2F06%2Ftier-dott-e-scooter-helisnki.jpg&amp;signature=70dc33e45bfd540fd9ad8ca46f710bee
€19bn Visma picks London for tech IPO in rare win for UK stock market,Norwegian software firm Visma has provisionally picked London for its IPO next year. It could mark a rare win for the UK’s troubled stock market — if Downing Street pulls through on its promised reforms.  British private equity firm Hg acquired a 70% stake in Visma in 2006 at a £380mn (€445mn) valua,https://thenextweb.com/news/e19bn-visma-picks-london-for-tech-ipo-in-rare-win-for-uk-stock-market,The Next Web (TNW),https://img-cdn.tnwcdn.com/image?fit=796%2C417&amp;url=https%3A%2F%2Fcdn0.tnwcdn.com%2Fwp-content%2Fblogs.dir%2F1%2Ffiles%2F2025%2F06%2Flondon-stock-exchange-teh.jpg&amp;signature=8bfc0dc1c73de0f0bdc40b290f257fb7
"Trump’s isolationism can be ‘best thing that happened’ to Europe, says ex-ASML chief","ASML’s former CEO believes Donald Trump’s reelection presents a golden opportunity for Europe. Peter Wennink, who led ASML to become the continent’s most valuable tech company, sees a chance for other businesses to thrive by embracing collaboration as the US shifts toward isolationism. “Mr Trump cou",https://thenextweb.com/news/asml-wennink-trump-isolationism-europe,The Next Web (TNW),https://img-cdn.tnwcdn.com/image?fit=796%2C417&amp;url=https%3A%2F%2Fcdn0.tnwcdn.com%2Fwp-content%2Fblogs.dir%2F1%2Ffiles%2F2025%2F04%2FUntitled-design-10.jpg&amp;signature=a1bbcb60eddd32e828730931d1bcb7cf
From hallucinations to hardware: Lessons from a real-world computer vision project gone sideways,"What we tried, what didn't work and how a combination of approaches eventually helped us build a reliable computer vision model.",https://venturebeat.com/ai/from-hallucinations-to-hardware-lessons-from-a-real-world-computer-vision-project-gone-sideways/,VentureBeat,
AI agents are hitting a liability wall. Mixus has a plan to overcome it using human overseers on high-risk workflows,"Mixus's ""colleague-in-the-loop"" model blends automation with human judgment for safe deployment of AI agents.",https://venturebeat.com/ai/ai-agents-are-hitting-a-liability-wall-mixus-has-a-plan-to-overcome-it-using-human-overseers-on-high-risk-workflows/,VentureBeat,
CTGT wins Best Presentation Style award at VB Transform 2025,"San Francisco-based CTGT, a startup focused on making AI more trustworthy through feature-level model customization, won the Best Presentation Style award at VB Transform 2025 in San Francisco. Founded by 23-year-old Cyril Gorlla, the company showcased how its technology helps enterprises overcome A",https://venturebeat.com/ai/ctgt-wins-best-presentation-style-award-at-vb-transform-2025/,VentureBeat,
Catio wins ‘coolest tech’ award at VB Transform 2025,"Catio also announced the upcoming launch of Archie, a conversational, multi-agent AI system.",https://venturebeat.com/ai/catio-wins-coolest-tech-award-at-vb-transform-2025/,VentureBeat,
Retail Resurrection: David’s Bridal bets its future on AI after double bankruptcy,"How AI-driven personalization, knowledge graphs and a two-sided marketplace are creating a new business model for the 75-year-old retailer.",https://venturebeat.com/ai/retail-resurrection-davids-bridal-bets-its-future-on-ai-after-double-bankruptcy/,VentureBeat,
MyLens.ai,"
            Visualize what matters in your content & ideas with AI
          
          
            Discussion
            |
            Link
          ",https://www.producthunt.com/posts/mylens-ai-3,Product Hunt,
Byterover,"
            Memory layer for your AI coding agents
          
          
            Discussion
            |
            Link
          ",https://www.producthunt.com/posts/byterover-2,Product Hunt,
Leavoo,"
            Time-off made simple, fast & Slack-native
          
          
            Discussion
            |
            Link
          ",https://www.producthunt.com/posts/leavoo,Product Hunt,
Ultracite,"
            Fast, automated code formatting for JavaScript apps
          
          
            Discussion
            |
            Link
          ",https://www.producthunt.com/posts/ultracite,Product Hunt,
Neura,"
            Turn your voice notes into powerful AI-enhanced content.
          
          
            Discussion
            |
            Link
          ",https://www.producthunt.com/posts/neura-4,Product Hunt,
"These are the 5 weather apps I recommend, but one of them stands out from the rest","They are all great, though.",https://www.androidauthority.com/best-weather-apps-i-recommend-3571160/,Android Authority,https://www.androidauthority.com/wp-content/uploads/2024/09/Google-Pixel-9-Pro-weather.jpg
Need a good alternative to the big three? These carriers are my top 3 recommendations,Looking for a cheaper phone plan with premium features? We compare the best prepaid carriers.,https://www.androidauthority.com/best-prepaid-phone-plans-3560452/,Android Authority,https://www.androidauthority.com/wp-content/uploads/2024/05/Stock-photo-of-major-US-carriers-Verizon-Wireless-ATT-and-T-Mobile-9.jpg
Gmail is making it easier to manage your newsletters and mailing lists on the web,A new “manage subscriptions” page is rolling out in Gmail on the web weeks after arriving on Android,https://www.androidauthority.com/gmail-manage-subscriptions-web-3572134/,Android Authority,https://www.androidauthority.com/wp-content/uploads/2020/05/Gmail-logo-on-smartphone-stock-photo-1.jpg
I spent a week living like it was 1993 — here’s how it went,What a week without modern tech taught me about life and presence.,https://www.androidauthority.com/living-like-its-1993-3569203/,Android Authority,https://www.androidauthority.com/wp-content/uploads/2025/06/90s-tech--scaled.jpg
I can’t believe how far Switch emulation has come in the year since Nintendo killed it,"Despite Nintendo's best efforts, Switch emulation is thriving.",https://www.androidauthority.com/nintendo-switch-emulation-progress-3567778/,Android Authority,https://www.androidauthority.com/wp-content/uploads/2025/06/AYANEO-Pocket-ACE-Nintendo-Switch-emulator-Mario-Wonder-scaled.jpg
Apple still has some unannounced iOS 26 features in the pipeline: report,"According to the Power On newsletter from Bloomberg’s Mark Gurman, Apple still has a few more iOS 26 features in the pipeline. These features weren’t announced at WWDC, though they were heavily rumored, and they should still arrive in the coming months.



 more…",https://9to5mac.com/2025/06/29/additional-unannounced-ios-26-features-report/,9to5Mac,https://9to5mac.com/wp-content/uploads/sites/6/2025/06/iOS-26-hero-02.jpg?quality=82&#038;strip=all&#038;w=1600
When will F1 movie be on Apple TV? Here’s the streaming release date,"This weekend, F1: The Movie is making a big splash in its opening weekend at the box office at movie theaters around the world. The Apple Original Film is being distributed by Warner Bros. for its theatrical run. But as an Apple production, it will end up streaming on Apple TV+. Here’s the expected ",https://9to5mac.com/2025/06/29/f1-movie-when-stream-apple-tv/,9to5Mac,https://9to5mac.com/wp-content/uploads/sites/6/2025/06/apple-tv-f1-movie.jpg?quality=82&#038;strip=all&#038;w=1600
This new macOS Tahoe feature solves a common Mac complaint,"9to5Mac is brought to you by CleanMyMac: Tidy up your Mac and iPhone today! Try 7 days free and use our code 9TO5MAC15 for 15% off. Also check out CleanMyPhone for your iPhone!



With macOS 26 Tahoe this year, Apple introduced a new Control Center. Of course, it implements the new Liquid Glass desi",https://9to5mac.com/2025/06/28/new-macos-tahoe-feature-solves-common-complaint/,9to5Mac,https://9to5mac.com/wp-content/uploads/sites/6/2025/06/wwdc-2025-13.56.35.jpg?quality=82&#038;strip=all&#038;w=1600
Indie App Spotlight: ‘Coffee in the Sun’ helps you find an ideal outdoor spot to hang,"Welcome to Indie App Spotlight. This is a weekly 9to5Mac series where we showcase the latest apps in the indie app world. If you’re a developer and would like your app featured, get in contact.







If you’re trying to find an ideal spot outdoors, whether that be a coffee shop, bar, or restaurant ",https://9to5mac.com/2025/06/28/indie-app-spotlight-coffee-in-the-sun/,9to5Mac,https://9to5mac.com/wp-content/uploads/sites/6/2025/06/IMG_0093.jpeg?quality=82&#038;strip=all&#038;w=1600
"iPhone 17 Pro may reposition the Apple logo once again, says leaker","According to Apple leaker Majin Bu, Apple will once again be repositioning the Apple logo on the next iPhone. Apple last repositioned the Apple logo with the iPhone 11 lineup, and it’s remained centered on the iPhone ever since. Six years later, that may be changing once again – if this rumor holds ",https://9to5mac.com/2025/06/28/new-apple-logo-potential-placement-iphone-17-pro-leak/,9to5Mac,https://9to5mac.com/wp-content/uploads/sites/6/2025/01/Both-iPhone-17-Pro-models-will-get-all-48MP-sensors-says-leaker.webp?w=1500
"Galaxy Z Flip 7 looks a bit thinner in latest leaked image, but is it?","Samsung’s Galaxy Z Flip 7 is already going to be a big upgrade for its improved outer display, but it seems the device is also set to adopt a thinner overall profile based on the latest leaked image.



 more…",https://9to5google.com/2025/06/29/galaxy-z-flip-7-thinner-leak/,9to5Google,https://9to5google.com/wp-content/uploads/sites/4/2025/06/galaxy-z-flip-7-blass-4.jpg?quality=82&#038;strip=all&#038;w=1400
Galaxy Z Fold 7 leak shows thin unfolded design and return of hole punch camera,"Samsung’s Galaxy Z Fold 7 is quickly approaching its launch date, with the foldable breaking cover yet again this weekend with a new image showing off the thin design from a new angle, as well as reiterating the return of a hole punch camera.



 more…",https://9to5google.com/2025/06/28/galaxy-z-fold-7-leak-unfolded-hole-punch-camera/,9to5Google,https://9to5google.com/wp-content/uploads/sites/4/2025/06/fold-7-unfolded-blass-2.jpg?quality=82&#038;strip=all&#038;w=1326
Gmail for Android starts rolling out ‘mark as read’ button in notifications,"Google is making a notable quality-of-life improvement to Gmail notifications by adding a “Mark as read” button on Android.



 more…",https://9to5google.com/2025/06/28/gmail-mark-as-read-android/,9to5Google,https://9to5google.com/wp-content/uploads/sites/4/2023/12/gmail-android-2.jpg?quality=82&#038;strip=all&#038;w=1600
Where Google Wallet state IDs are available on Android,"States across the US are slowly rolling out support for adding your driver’s license or ID to the Google Wallet app on Android. 



 more…",https://9to5google.com/2025/06/28/google-wallet-state-ids/,9to5Google,https://9to5google.com/wp-content/uploads/sites/4/2023/03/google-wallet-logo-circle-2.jpg?quality=82&#038;strip=all&#038;w=1600
The Galaxy Z Flip 7’s new design will only matter if Samsung finally gives in,"With less than two weeks to go until Unpacked, every Galaxy Z Flip 7 leak seems to agree on one thing: Samsung is finally delivering on a larger cover screen for its 2025 flip phone. It’s what Samsung fans have been asking for since the Moto Razr+ launch last year — and the arrival of Motorola’s suc",https://9to5google.com/2025/06/28/galaxy-z-flip-7-new-design-only-matters-one-ui-changes/,9to5Google,https://9to5google.com/wp-content/uploads/sites/4/2024/07/Galaxy-Z-Flip-6-Cover-Display-1-10.jpg?quality=82&#038;strip=all&#038;w=1600
The best Google phones to buy in 2025 ahead of the Pixel 10 launch,We've tested all the Google Pixel phones available right now and these are the best ones for every kind of user.,https://www.zdnet.com/article/best-google-phone/,ZDNet,
I switched to a Wi-Fi-enabled smart lock with facial recognition - and can't go back,The Lockly Visage Zeno Series smart lock introduces groundbreaking technology - and backs it up with strong real-world performance.,https://www.zdnet.com/article/i-switched-to-a-wi-fi-enabled-smart-lock-with-facial-recognition-and-cant-go-back/,ZDNet,
Get a free Samsung Galaxy S25 Plus from T-Mobile with any trade-in - here's how,Trade in an eligible phone in any condition with a T-Mobile Experience Beyond or Go5G Next plan and get the Samsung Galaxy S25 Plus at no extra cost.,https://www.zdnet.com/article/t-mobile-will-give-you-a-free-samsung-galaxy-s25-plus-right-now-how-to-qualify-for-the-deal/,ZDNet,
This stuff is way better than super glue (and it's less messy),"Here's why you should be using UV resin instead for fixes, projects, and DIYs.",https://www.zdnet.com/article/this-stuff-is-way-better-than-super-glue-and-its-less-messy/,ZDNet,
Google just gave its Photos app the feature upgrade it deserves - here's what's new,"Here's what's new with the Ask Photos feature, plus how to opt out for good if you still dislike the AI feature.",https://www.zdnet.com/article/google-just-gave-its-photos-app-the-feature-upgrade-it-deserves-heres-whats-new/,ZDNet,
Tech Company Layoffs: The COVID Tech Bubble Bursts,"UPDATED 6/27/2025 -- As COVID drove everyone online, tech companies hired like crazy. Now we are hitting the COVID tech bust as tech giants shed jobs by the thousands. Check back regularly for updates to our tech layoffs tracker.",https://www.informationweek.com/it-leadership/tech-company-layoffs-the-covid-tech-bubble-bursts-sep-14,InformationWeek,https://eu-images.contentstack.com/v3/assets/blt69509c9116440be8/bltbf06263940b69a5e/668da1beeb4ff69673df3f17/BubbleBurst-Brian_Jackson-CFMK07-CP.jpg?width=1280&auto=webp&quality=80&disable=upscale
How to Untangle a Regulatory Compliance Mess,"When regulatory compliance gets messy, it's up to the CIO to fix the situation or face dire consequences. Here's how to straighten things out easily and quickly.",https://www.informationweek.com/data-management/how-to-untangle-a-regulatory-compliance-mess,InformationWeek,https://eu-images.contentstack.com/v3/assets/blt69509c9116440be8/blt4c6e44bb33814cf8/6859539a0edb925c79920027/complianceregulation_DenisPutilov-AlamyStockPhoto.jpg?width=1280&auto=webp&quality=80&disable=upscale
Navigating Generative AI's Expanding Capabilities and Evolving Risks,This session provides practical insights for harnessing generative AI's transformative potential while implementing appropriate safeguards.,https://www.informationweek.com/machine-learning-ai/navigating-generative-ai-s-expanding-capabilities-and-evolving-risks,InformationWeek,https://eu-images.contentstack.com/v3/assets/blt69509c9116440be8/blt84bda9746f690e81/685d93c0da1b7bed59fcc063/GenAI_Risks_by_Yuliya_Volkovska_via_Alamy_Stock_.jpg?width=1280&auto=webp&quality=80&disable=upscale
Shadow IT Isn’t Your Enemy -- It’s Your Secret Weapon,CIOs are no longer the gatekeepers of tech. The gate itself has collapsed. Here’s what you can do now.,https://www.informationweek.com/data-management/shadow-it-isn-t-your-enemy-it-s-your-secret-weapon,InformationWeek,https://eu-images.contentstack.com/v3/assets/blt69509c9116440be8/blt38ac1d4e9dcf7244/685ab14bac1886521c4f3c57/Shadow-Elly_Miller-alamy.jpg?width=1280&auto=webp&quality=80&disable=upscale
Business Volatility Requires a New Lens For Risk Management: Context Plus Control,The three E’s framework identifies sources of risk for business and technology leaders to regain control during unprecedented times of chaos.,https://www.informationweek.com/cyber-resilience/business-volatility-requires-a-new-lens-for-risk-management-context-plus-control,InformationWeek,https://eu-images.contentstack.com/v3/assets/blt69509c9116440be8/blt426eb13726fe5d04/685322821bf1f45e7dffba10/speed-motion-estherpoon-adobe-new.jpg?width=1280&auto=webp&quality=80&disable=upscale
Garena Free Fire Max Redeem Codes for June 29,"Garena Free Fire Max is one of the most popular games on the planet, and for...
The post Garena Free Fire Max Redeem Codes for June 29 appeared first on Fossbytes.",https://fossbytes.com/garena-free-fire-max-redeem-codes-for-june-29/,Fossbytes,
Garena Free Fire Max Redeem Codes for June 28,"Garena Free Fire Max is one of the most popular games on the planet, and for...
The post Garena Free Fire Max Redeem Codes for June 28 appeared first on Fossbytes.",https://fossbytes.com/garena-free-fire-max-redeem-codes-for-june-28/,Fossbytes,
Garena Free Fire Max Redeem Codes for June 27,"Garena Free Fire Max is one of the most popular games on the planet, and for...
The post Garena Free Fire Max Redeem Codes for June 27 appeared first on Fossbytes.",https://fossbytes.com/garena-free-fire-max-redeem-codes-for-june-27/,Fossbytes,
How To Pair & Reset Your Fire TV Stick Remote?,"Are you having trouble with your Fire TV Stick remote not responding? Or are you setting...
The post How To Pair &amp; Reset Your Fire TV Stick Remote? appeared first on Fossbytes.",https://fossbytes.com/how-to-pair-reset-your-fire-tv-stick-remote/,Fossbytes,
"How To Cancel Fortnite Crew Subscription: PC, PS5, XBOX, & More","Fortnite&#8217;s Crew subscription is a fantastic value, but if you&#8217;ve already made up your mind to...
The post How To Cancel Fortnite Crew Subscription: PC, PS5, XBOX, &amp; More appeared first on Fossbytes.",https://fossbytes.com/how-to-cancel-fortnite-crew-subscription-pc-ps5-xbox-more/,Fossbytes,
Floating Mini Panel GNOME Shell Extension,"GNOME Shell extensions make it easy to reshape the standard desktop layout in novel new ways, with add-ons like Dash to Panel, OpenBar, and Task Up provide options to combine, configure and customise the top panel. Now, another choice has drifted on to the scene: Floating Mini Panel. Floating Mini P",https://www.omgubuntu.co.uk/2025/06/floating-mini-panel-gnome-extension,OMG! Ubuntu,https://i0.wp.com/www.omgubuntu.co.uk/wp-content/uploads/2025/06/floating-mini-panel.jpg?resize=406%2C232&amp;ssl=1
Ubuntu 25.10 Snapshot 2 is Now Available to Download,"The second monthly snapshot of Ubuntu Questing Quokka (to become Ubuntu 25.10 when released in October 9) is now available.
You're reading Ubuntu 25.10 Snapshot 2 is Now Available to Download, a blog post from OMG! Ubuntu. Do not reproduce elsewhere without permission.",https://www.omgubuntu.co.uk/2025/06/ubuntu-25-10-snapshot-2-released,OMG! Ubuntu,https://i0.wp.com/www.omgubuntu.co.uk/wp-content/uploads/2022/05/kinetic-kudu-ubuntu-download.jpg?resize=406%2C232&amp;ssl=1
KDE Update Turns Off Potentially Seizure Triggering Effect,"KDE Plasma 6.4.1 turns off a visual desktop effect which could, in rare cases, post a risk of triggering seizures in users with photosensitive conditions. 
You're reading KDE Update Turns Off Potentially Seizure Triggering Effect, a blog post from OMG! Ubuntu. Do not reproduce elsewhere without perm",https://www.omgubuntu.co.uk/2025/06/kde-plasma-6-4-1-update-disables-a-seizure-triggering-effect,OMG! Ubuntu,https://i0.wp.com/www.omgubuntu.co.uk/wp-content/uploads/2025/06/kde-plasma-6.4-1.jpg?resize=406%2C232&amp;ssl=1
KDE Slick New ‘First Run’ Setup Tool Taking Shape,"KDE devs have revived the KISS setup tool, aiming to create a polished first-boot experience for Linux users to rival onboarding on Windows and macOS.
You're reading KDE Slick New &#8216;First Run&#8217; Setup Tool Taking Shape, a blog post from OMG! Ubuntu. Do not reproduce elsewhere without permis",https://www.omgubuntu.co.uk/2025/06/kde-initial-setup-tool-kiss-development-progress,OMG! Ubuntu,https://i0.wp.com/www.omgubuntu.co.uk/wp-content/uploads/2022/10/kde-logo.jpg?resize=406%2C232&amp;ssl=1
"Firefox 140 Brings Tab Unload, Custom Search & New ESR","Firefox 140 released with tab unloading, custom search engines, and more. ESR users gain major new features like tab grouping and vertical tabs.
You're reading Firefox 140 Brings Tab Unload, Custom Search &amp; New ESR, a blog post from OMG! Ubuntu. Do not reproduce elsewhere without permission.",https://www.omgubuntu.co.uk/2025/06/firefox-140-new-features-update,OMG! Ubuntu,https://i0.wp.com/www.omgubuntu.co.uk/wp-content/uploads/2025/06/firefox-140.jpg?resize=406%2C232&amp;ssl=1
"The Download: how to clean up AI data centers, and weight-loss drugs’ side effects","This is today&#8217;s edition of The Download, our weekday newsletter that provides a daily dose of what&#8217;s going on in the world of technology. This battery recycling company is now cleaning up AI data centers In a sandy industrial lot outside Reno, Nevada, rows of battery packs that once prop",https://www.technologyreview.com/2025/06/27/1119432/the-download-how-to-clean-up-ai-data-centers-and-weight-loss-drugs-side-effects/,MIT Technology Review,
We’re learning more about what weight-loss drugs do to the body,"Weight-loss drugs are this decade’s blockbuster medicines. Drugs like Ozempic, Wegovy, and Mounjaro help people with diabetes get their blood sugar under control and help overweight and obese people reach a healthier weight. And they’re fast becoming a trendy must-have for celebrities and other figu",https://www.technologyreview.com/2025/06/27/1119385/were-learning-more-about-what-weight-loss-drugs-do-to-the-body/,MIT Technology Review,
This battery recycling company is now cleaning up AI data centers,"In a sandy industrial lot outside Reno, Nevada, rows of battery packs that once propelled electric vehicles are now powering a small AI data center. Redwood Materials, one of the US’s largest battery recycling companies, showed off this array of energy storage modules, sitting on cinder blocks and w",https://www.technologyreview.com/2025/06/26/1119402/this-battery-recycling-company-is-now-cleaning-up-ai-data-centers/,MIT Technology Review,
"The Download: Google DeepMind’s DNA AI, and heatwaves’ impact on the grid","This is today&#8217;s edition of The Download, our weekday newsletter that provides a daily dose of what&#8217;s going on in the world of technology. Google’s new AI will help researchers understand how our genes work When scientists first sequenced the human genome in 2003, they revealed the full s",https://www.technologyreview.com/2025/06/26/1119379/the-download-google-deepminds-dna-ai-and-heatwaves-impact-on-the-grid/,MIT Technology Review,
"It’s officially summer, and the grid is stressed","It’s crunch time for the grid this week. As I’m writing this newsletter, it’s 100 °F (nearly 38 °C) here in New Jersey, and I’m huddled in the smallest room in my apartment with the shades drawn and a single window air conditioner working overtime.&#160;&#160; Large swaths of the US have seen brutal",https://www.technologyreview.com/2025/06/26/1119358/summer-grid-ai-air-conditioning/,MIT Technology Review,
"How Was the Wheel Invented? Computer Simulations Reveal Its Unlikely Birth Nearly 6,000 Years Ago","The wheel changed the course of history for all of humanity. But its invention is shrouded in mystery.
The post How Was the Wheel Invented? Computer Simulations Reveal Its Unlikely Birth Nearly 6,000 Years Ago appeared first on SingularityHub.",https://singularityhub.com/2025/06/28/how-was-the-wheel-invented-computer-simulations-reveal-its-unlikely-birth-nearly-6000-years-ago/,SingularityHub,https://singularityhub.com/uploads/2025/06/wooden_wheel.jpeg?auto=webp
Scientists Are Smuggling Large Drugs Into the Brain—Opening a New World of Possible Therapies,"New molecular shuttles can carry antibodies and enzymes to treat cancer and other brain diseases.
The post Scientists Are Smuggling Large Drugs Into the Brain—Opening a New World of Possible Therapies appeared first on SingularityHub.",https://singularityhub.com/2025/06/27/scientists-are-smuggling-large-drugs-into-the-brain-opening-a-new-world-of-possible-therapies/,SingularityHub,https://singularityhub.com/uploads/2025/06/brain-barrier.jpeg?auto=webp
The Dream of an AI Scientist Is Closer Than Ever,"The number of scientific papers relying on AI has quadrupled, and the scope of problems AI can tackle expands by the day.
The post The Dream of an AI Scientist Is Closer Than Ever appeared first on SingularityHub.",https://singularityhub.com/2025/06/26/the-dream-of-an-ai-scientist-is-closer-than-ever/,SingularityHub,https://singularityhub.com/uploads/2025/06/Screenshot-2025-06-22-at-10.53.03-AM-1.png?auto=webp
Cancer-Killing Immune Cells Can Now Be Engineered in the Body—With a Vaccine-Like Shot of mRNA,"Scientists are converting immune cells into super-soldiers that can hunt down and destroy cancer cells.
The post Cancer-Killing Immune Cells Can Now Be Engineered in the Body—With a Vaccine-Like Shot of mRNA appeared first on SingularityHub.",https://singularityhub.com/2025/06/24/cancer-killing-immune-cells-can-now-be-engineered-in-the-body-with-a-vaccine-like-shot-of-mrna/,SingularityHub,https://singularityhub.com/uploads/2025/06/human-t-cell-immune-system.jpeg?auto=webp
Will AI Take Your Job? It Depends on These 4 Key Advantages AI Has Over Humans,"This framework can help you understand where AI provides value.
The post Will AI Take Your Job? It Depends on These 4 Key Advantages AI Has Over Humans appeared first on SingularityHub.",https://singularityhub.com/2025/06/23/will-ai-take-your-job-it-depends-on-these-4-key-advantages-ai-has-over-humans/,SingularityHub,https://singularityhub.com/uploads/2025/06/hands-typing-on-a-computer-keyboard.jpeg?auto=webp
"Infinix Hot 60i Launched With MediaTek Helio G81 Ultimate SoC, 50-Megapixel Rear Camera","Infinix Hot 60i has launched in Bangladesh, as the first arrival in the upcoming Hot 60 lineup. This new smartphone boasts a 6.78-inch 120Hz LCD screen, a MediaTek Helio G81 SoC, and up to 256GB of storage. It features a 50-megapixel primary rear camera, and runs on a 5,160mAh battery.",https://www.gadgets360.com/mobiles/news/infinix-hot-60i-price-launch-sale-specifications-features-8785175#rss-gadgets-news,NDTV Gadgets 360,
OpenAI Said to Turn to Google's AI Chips to Power ChatGPT and Other Products,"OpenAI is said to be renting Google's AI chips for ChatGPT and other products. While a major Nvidia GPU purchaser, OpenAI is now utilising Google's Tensor Processing Units (TPUs) for both model training and inference. This move expands Google's external TPU availability, previously reserved for inte",https://www.gadgets360.com/ai/news/openai-google-ai-chips-to-power-products-8784261#rss-gadgets-news,NDTV Gadgets 360,
"Samsung Tipped to Unveil Tri-Fold Smartphone With Galaxy Z Fold 7, Z Flip 7; Launch Timeline Leaked","Samsung's first tri-fold smartphone might be unveiled alongside the Galaxy Z Fold 7 and Flip 7 at the July 9 Galaxy Unpacked event. A tipster claims that while the triple-folding phone might be teased on July 9, it is only expected to be available later this year. Huawei beat Samsung to launch the M",https://www.gadgets360.com/mobiles/news/samsung-tri-fold-smartphone-galaxy-unpacked-z-flip-7-8783205#rss-gadgets-news,NDTV Gadgets 360,
"iPhone 17 to Feature Slightly Larger Display Than iPhone 16, Tipster Claims","Apple's iPhone 17 model is tipped to feature a larger display than the current iPhone 16. Previous leaks also suggested a bigger iPhone 17 handset, which could match the iPhone 16 Pro's screen size. Additionally, the standard iPhone 17 display is anticipated to arrive with a 120Hz refresh rate later",https://www.gadgets360.com/mobiles/news/iphone-17-display-size-increase-leak-8782597#rss-gadgets-news,NDTV Gadgets 360,
Microsoft's Next-Gen AI Chip Production Reportedly Delayed to 2026,"Microsoft's next-gen Maia AI chip, codenamed Braga, reportedly faces a delay of at least six months, pushing mass production to 2026. A report by The Information reveals that this is due to design changes, staffing issues, and high turnover. Once released, the chip is expected to underperform Nvidia",https://www.gadgets360.com/ai/news/microsoft-next-gen-ai-chip-production-delayed-2026-report-8782057#rss-gadgets-news,NDTV Gadgets 360,
From convenience to risk: The hidden dangers of mobile apps,"Often positioned as a customer service tool, mobile apps now serve as live entry points into high-value financial ecosystems.",https://yourstory.com/2025/06/hidden-dangers-smartphone-mobile-apps-security-frauds,YourStory,
"Meesho gets shareholders' nod for Rs 4,250 Cr IPO: Report","Ahead of its IPO, social commerce company Meesho had recently completed its domicile shift from the US to India.",https://yourstory.com/2025/06/social-commerce-unicorn-meesho-ipo-shareholders-nod-rs-4250-crore,YourStory,
"Discovery, meaning, journeys: Artistic highlights from the India Art Festival in Hyderabad","In this photo essay series from Hyderabad, we showcase a range of art exhibits and creator insights.",https://yourstory.com/2025/06/discovery-meaning-journey-india-art-festival-hyderabad-creativity-photography,YourStory,
"Mygate elevates two senior leaders to strengthen tech, business functions",Mygate CEO Abhishek Kumar said the changes recognise the long-term contribution of both executives and align executive responsibilities with the company's current priorities.,https://yourstory.com/2025/06/mygate-elevates-two-senior-leadership-changes,YourStory,
Here are 3 godfathers of AI reshaping the world of artifical intelligence,"From neural networks to AI ethics, Hinton, Bengio, and LeCun have shaped the trajectory of artificial intelligence for decades.",https://yourstory.com/2025/06/3-godfathers-ai-hinton-bengio-lecun,YourStory,
"Indians spend 35 minutes each day wet cleaning their floors, says Dyson’s study","Dyson said that 62% of Indian respondents thought a vacuum cleaner with wet functionality would be the most effective method, yet they see that adoption remains quite low",https://www.thehindu.com/sci-tech/technology/indians-spend-35-minutes-each-day-wet-cleaning-their-floors-says-dysons-study/article69747777.ece,The Hindu - Technology,https://th-i.thgim.com/public/sci-tech/technology/57ltm8/article69747787.ece/alternates/LANDSCAPE_1200/WhatsApp%20Image%202025-06-26%20at%204.27.08%20PM.jpeg
Redmi Pad 2 Review | Suits users who want a tablet for routine daily tasks,"Redmi Pad 2, positioned as a sequel to the original Redmi Pad and Redmi Pad SE, aims to pack more power, features, and versatility, all while staying comfortably under the ₹20,000 bracket",https://www.thehindu.com/sci-tech/technology/gadgets/redmi-pad-2-review-suits-users-who-want-a-tablet-for-routine-daily-tasks/article69747696.ece,The Hindu - Technology,https://th-i.thgim.com/public/sci-tech/technology/gadgets/15l6ta/article69747698.ece/alternates/LANDSCAPE_1200/IMG_3242.JPG
Samsung launches Galaxy M36 5G with Exynos processor and AMOLED display in India,The South Korean electronics major has also introduced Galaxy AI features like Circle to Search and Gemini Live in Galaxy M36 5G,https://www.thehindu.com/sci-tech/technology/gadgets/samsung-launches-galaxy-m36-5g-with-exynos-processor-and-amoled-display-in-india/article69747635.ece,The Hindu - Technology,https://th-i.thgim.com/public/sci-tech/technology/gadgets/3jw037/article69747636.ece/alternates/LANDSCAPE_1200/WhatsApp%20Image%202025-06-27%20at%206.59.16%20PM.jpeg
Microsoft's next-gen AI chip production delayed to 2026: Report,"When the chip, code-named Braga, goes into production, it is expected to fall well short of the performance of Nvidia's Blackwell chip that was released late last year, the report said",https://www.thehindu.com/sci-tech/technology/microsofts-next-gen-ai-chip-production-delayed-to-2026-report/article69747367.ece,The Hindu - Technology,https://th-i.thgim.com/public/incoming/9hu9ev/article69747500.ece/alternates/LANDSCAPE_1200/2025-06-18T183709Z_1665568666_RC2MHDAVHMNU_RTRMADP_3_MICROSOFT-LAYOFFS.JPG
OpenAI turns to Google's AI chips to power its products,"The ChatGPT maker is one of the largest purchasers of Nvidia's graphics processing units (GPUs), using the AI chips to train models and also for inference computing, a process in which an AI model uses its trained knowledge to make predictions or decisions based on new information",https://www.thehindu.com/sci-tech/technology/openai-turns-to-googles-ai-chips-to-power-its-products/article69747366.ece,The Hindu - Technology,https://th-i.thgim.com/public/incoming/5jo980/article69747475.ece/alternates/LANDSCAPE_1200/2025-06-27T212609Z_1901662805_RC2LU7AVM1U0_RTRMADP_3_TECH-AI-OPENAI-ALPHABET.JPG
Should we be letting flies eat our food waste?,"In Lithuania and Australia, hungry fly larvae are used to process food waste into useful protein.",https://www.bbc.com/news/articles/cz9y1l397vno,BBC Technology,https://ichef.bbci.co.uk/ace/standard/240/cpsprodpb/776a/live/0a60bcb0-41ea-11f0-bace-e1270fc31f5e.jpg
'Made in the USA' reference disappears from Trump phone listing,"Trump Mobile maintains the gold smartphone will be made in the US, despite the  changed wording on its website.",https://www.bbc.com/news/articles/cy4yv3pmmwjo,BBC Technology,https://ichef.bbci.co.uk/ace/standard/240/cpsprodpb/db38/live/03f1bf40-52ad-11f0-90c3-576318da68e3.jpg
Pornhub to introduce 'government approved' age checks in UK,It is one of a number of porn sites which regulator Ofcom says will bring in tougher age verification for users.,https://www.bbc.com/news/articles/cr5v2lz5vl6o,BBC Technology,https://ichef.bbci.co.uk/ace/standard/240/cpsprodpb/4c1e/live/3dea5fb0-5265-11f0-bd3c-ef3c6f7203cb.jpg
Meta admits wrongly suspending Facebook Groups but denies wider problem,Group administrators have reported receiving automated messages which incorrectly say they have violated the rules.,https://www.bbc.com/news/articles/c3r9nwgvwy3o,BBC Technology,https://ichef.bbci.co.uk/ace/standard/240/cpsprodpb/753e/live/4d435e30-5274-11f0-9773-2789fa4a3c16.jpg
Three network phone calls down but data still working,"The phone operator said it was ""aware of an issue affecting voice services"" and apologised for disruption.",https://www.bbc.com/news/articles/cdxlqeyw95no,BBC Technology,https://ichef.bbci.co.uk/ace/standard/240/cpsprodpb/cc24/live/c42761c0-51ae-11f0-93b8-19c0eb10ae72.jpg
Mark Zuckerberg Ramps Up Meta’s A.I. Spending as Competition Heats Up,"Unhappy with his company’s artificial intelligence efforts, Meta’s C.E.O. is on a spending spree as he reconsiders his strategy in the contest to invent a hypothetical “superintelligence.”",https://www.nytimes.com/2025/06/27/technology/mark-zuckerberg-meta-ai.html,NY Times Tech,https://static01.nyt.com/images/2025/06/28/multimedia/00-biz-meta-ai-ZUCKERBERG-jlmc/00-biz-meta-ai-ZUCKERBERG-jlmc-mediumSquareAt3X-v2.jpg
"A.I. Frenzy Escalates as OpenAI, Amazon and Meta Supersize Spending","Companies like OpenAI, Amazon and Meta have supersized their spending on artificial intelligence, with no signs of slowing down.",https://www.nytimes.com/2025/06/27/technology/ai-spending-openai-amazon-meta.html,NY Times Tech,https://static01.nyt.com/images/2025/06/25/multimedia/00biz-ai-frenzy-kpwf/00biz-ai-frenzy-kpwf-mediumSquareAt3X.jpg
Uber in Talks With Travis Kalanick to Fund Self-Driving Car Deal,"The ride-hailing company is in talks to help Mr. Kalanick, who was forced out in 2017, buy an autonomous vehicles start-up as the robot taxi service Waymo gains momentum.",https://www.nytimes.com/2025/06/26/technology/uber-travis-kalanick-self-driving-car-deal.html,NY Times Tech,https://static01.nyt.com/images/2025/06/20/multimedia/00biz-uber-kfpg/00biz-uber-kfpg-mediumSquareAt3X.jpg
A.I. Is Starting to Wear Down Democracy,"Content generated by artificial intelligence has become a factor in elections around the world. Most of it is bad, misleading voters and discrediting the democratic process.",https://www.nytimes.com/2025/06/26/technology/ai-elections-democracy.html,NY Times Tech,https://static01.nyt.com/images/2025/06/26/business/DISINFO-AI/DISINFO-AI-mediumSquareAt3X.jpg
Interesting,A reporter who writes about A.I. finds her work is catching on — with the Chatbot she often writes about.,https://www.nytimes.com/2025/06/29/technology/why-is-chatgpt-telling-people-to-email-me.html,NY Times Tech,
A neural brain implant provides near instantaneous speech,Focusing on sound production instead of word choice makes for a flexible system.,https://arstechnica.com/science/2025/06/a-neural-brain-implant-provides-near-instantaneous-speech/,Ars Technica,https://cdn.arstechnica.net/wp-content/uploads/2025/06/Photo-BCI-participant-is-being-connected-to-the-BCI-system-by-researcher-Iacobacci-1152x648.jpg
"In a wild time for copyright law, the US Copyright Office has no leader",Rudderless Copyright Office has taken on new prominence during the AI boom.,https://arstechnica.com/tech-policy/2025/06/in-a-wild-time-for-copyright-law-the-us-copyright-office-has-no-leader/,Ars Technica,https://cdn.arstechnica.net/wp-content/uploads/2024/10/copyright-1152x648.jpg
Robotic sucker can adapt to surroundings like an actual octopus,Gripping and releasing irregular surfaces is harder than it might seem.,https://arstechnica.com/science/2025/06/robotic-sucker-can-adapt-to-surroundings-like-an-actual-octopus/,Ars Technica,https://cdn.arstechnica.net/wp-content/uploads/2025/06/GettyImages-2190249825-1152x648.jpg
SCOTUS upholds part of ACA that makes preventive care fully covered,"Cancer screenings, statins, vaccines, PrEP, will continue to be covered in full.",https://arstechnica.com/health/2025/06/critical-preventive-care-will-remain-free-under-aca-health-plans-scotus-rules/,Ars Technica,https://cdn.arstechnica.net/wp-content/uploads/2023/09/getty-supreme-court-1152x648.jpg
"After 27 years, engineer discovers how to display secret photo in Power Mac ROM",Developer solves mystery of hidden JPEG from the beige G3 era.,https://arstechnica.com/gadgets/2025/06/after-27-years-engineer-discovers-how-to-display-secret-photo-in-power-mac-rom/,Ars Technica,https://cdn.arstechnica.net/wp-content/uploads/2025/06/g3minitower-header-1152x648.jpg
"Carbon Record Reveals Evidence of Extensive Human Fire Use 50,000 Years Ago","""It has long been unclear when humans started using fire,"" writes Phys.org...


To address this question, researchers from the Institute of Oceanology of the Chinese Academy of Sciences (IOCAS), alongside collaborators from China, Germany, and France, analyzed the pyrogenic carbon record in a 300,00",https://science.slashdot.org/story/25/06/29/0142237/carbon-record-reveals-evidence-of-extensive-human-fire-use-50000-years-ago?utm_source=rss1.0mainlinkanon&utm_medium=feed,Slashdot,https://a.fsdn.com/sd/twitter_icon_large.png
Ask Slashdot: Do You Use AI - and Is It Actually Helpful?,"""I wonder who actually uses AI and why,"" writes Slashdot reader VertosCay:

Out of pure curiosity, I have asked various AI models to create: simple Arduino code, business letters, real estate listing descriptions, and 3D models/vector art for various methods of manufacturing (3D printing, laser prin",https://ask.slashdot.org/story/25/06/28/0521201/ask-slashdot-do-you-use-ai---and-is-it-actually-helpful?utm_source=rss1.0mainlinkanon&utm_medium=feed,Slashdot,https://a.fsdn.com/sd/twitter_icon_large.png
Mysterious Radio Burst Turns Out to Be From a Dead 1967 NASA Satellite,"An anonymous reader shared this report from Smithsonian magazine:
Last year, Australian scientists picked up a mysterious burst of radio waves that briefly appeared brighter than all other signals in the sky. Now, the researchers have discovered the blast didn't come from a celestial object, but a d",https://science.slashdot.org/story/25/06/29/0410213/mysterious-radio-burst-turns-out-to-be-from-a-dead-1967-nasa-satellite?utm_source=rss1.0mainlinkanon&utm_medium=feed,Slashdot,https://a.fsdn.com/sd/twitter_icon_large.png
New Linux Kernel Drama: Torvalds Drops Bcachefs Support After Clash,"Bcachefs ""pitches itself as a filesystem that 'doesn't eat your data',"" writes the open source/Linux blog It's FOSS. Although it was last October that Bcachefs developer Kent Overstreet was restricted from participating in the Linux 6.13 kernel development cycle (after ending a mailing list post wit",https://linux.slashdot.org/story/25/06/29/0248236/new-linux-kernel-drama-torvalds-drops-bcachefs-support-after-clash?utm_source=rss1.0mainlinkanon&utm_medium=feed,Slashdot,https://a.fsdn.com/sd/twitter_icon_large.png
AI Improves At Improving Itself Using an Evolutionary Trick,"Technology writer Matthew Hutson (also Slashdot reader #1,467,653) looks at a new kind of self-improving AI coding system. It rewrites its own code based on empirical evidence of what's helping &mdash; as described in a recent preprint on arXiv. 

From Hutson's new article in IEEE Spectrum:



A Dar",https://slashdot.org/story/25/06/28/2314203/ai-improves-at-improving-itself-using-an-evolutionary-trick?utm_source=rss1.0mainlinkanon&utm_medium=feed,Slashdot,https://a.fsdn.com/sd/twitter_icon_large.png
